resnet18,resnet34,resnet50,resnet101,resnet152,resnext50_32x4d,resnext101_32x8d,wide_resnet50_2,wide_resnet101_2
13.865232467651367,23.19622039794922,31.536102294921875,52.57463455200195,74.76639747619629,37.442922592163086,103.94835472106934,64.3458366394043,118.18289756774902
13.893604278564453,23.14925193786621,31.621456146240234,52.2763729095459,74.84173774719238,36.81159019470215,104.08306121826172,64.13006782531738,118.30401420593262
13.853073120117188,23.116350173950195,31.57496452331543,52.65951156616211,74.6908187866211,36.94963455200195,104.14457321166992,64.11480903625488,118.12400817871094
13.835668563842773,23.11873435974121,31.60691261291504,52.78325080871582,74.78594779968262,36.828041076660156,104.83026504516602,64.11528587341309,118.14570426940918
13.819456100463867,23.172378540039062,31.673908233642578,52.38604545593262,74.78928565979004,37.30511665344238,104.50339317321777,64.11337852478027,118.15381050109863
