resnet18,resnet34,resnet50,resnet101,resnet152,resnext50_32x4d,resnext101_32x8d,wide_resnet50_2,wide_resnet101_2
15.652894973754883,24.017333984375,33.81061553955078,61.63620948791504,88.44995498657227,43.578147888183594,105.9427261352539,38.445472717285156,64.70966339111328
18.655061721801758,23.80514144897461,35.161495208740234,59.683799743652344,86.31563186645508,43.27893257141113,103.09767723083496,38.52224349975586,64.78428840637207
16.3576602935791,22.646665573120117,34.577131271362305,60.6381893157959,86.34328842163086,43.57647895812988,105.56435585021973,38.60330581665039,64.50748443603516
20.143508911132812,23.740053176879883,34.169912338256836,60.286760330200195,87.12887763977051,42.214155197143555,106.8716049194336,38.604736328125,64.56995010375977
16.721248626708984,24.476289749145508,34.295082092285156,60.80818176269531,84.27071571350098,43.03479194641113,104.48265075683594,39.34478759765625,64.45074081420898
