resnet18,resnet34,resnet50,resnet101,resnet152,resnext50_32x4d,resnext101_32x8d,wide_resnet50_2,wide_resnet101_2
8.483171463012695,11.398553848266602,17.572402954101562,27.901411056518555,37.938594818115234,23.47540855407715,56.29682540893555,28.112173080444336,46.72861099243164
8.478403091430664,11.312246322631836,17.598390579223633,27.50539779663086,37.892818450927734,24.193525314331055,56.018829345703125,28.252124786376953,46.56481742858887
8.535623550415039,11.58595085144043,17.62533187866211,29.0830135345459,38.060665130615234,23.821592330932617,56.1673641204834,28.024673461914062,46.966552734375
8.408069610595703,11.475086212158203,17.74311065673828,27.40168571472168,37.909746170043945,23.591041564941406,56.15735054016113,28.31268310546875,46.730756759643555
8.575677871704102,11.484622955322266,17.47274398803711,27.42600440979004,38.07973861694336,23.715734481811523,56.076765060424805,28.02252769470215,46.62013053894043
