resnet18,resnet34,resnet50,resnet101,resnet152,resnext50_32x4d,resnext101_32x8d,wide_resnet50_2,wide_resnet101_2
21.256685256958008,29.078960418701172,47.737836837768555,80.14178276062012,113.13152313232422,71.32697105407715,182.56902694702148,78.12952995300293,136.3358497619629
19.746780395507812,28.876543045043945,47.76430130004883,79.69403266906738,112.84017562866211,72.27134704589844,180.33266067504883,78.39298248291016,136.50965690612793
20.513534545898438,29.004812240600586,47.88637161254883,81.29096031188965,112.11848258972168,72.59225845336914,180.13882637023926,77.9576301574707,135.90526580810547
19.637346267700195,29.114484786987305,47.64676094055176,79.31852340698242,112.17403411865234,72.3426342010498,182.23166465759277,77.88562774658203,136.18874549865723
19.65475082397461,29.14595603942871,47.81389236450195,83.82129669189453,111.5882396697998,71.98119163513184,179.9604892730713,77.84461975097656,136.2929344177246
