resnet18,resnet34,resnet50,resnet101,resnet152,resnext50_32x4d,resnext101_32x8d,wide_resnet50_2,wide_resnet101_2
4.935979843139648,7.33184814453125,10.360002517700195,18.789052963256836,27.56810188293457,11.670827865600586,26.939868927001953,10.567665100097656,17.821311950683594
4.893302917480469,7.497549057006836,11.38162612915039,18.608808517456055,24.605274200439453,12.626409530639648,26.924848556518555,10.768651962280273,18.79286766052246
4.906177520751953,7.352113723754883,10.443449020385742,18.11361312866211,25.53582191467285,11.746406555175781,26.8096923828125,10.529279708862305,18.8443660736084
4.868984222412109,7.377147674560547,10.498046875,18.096208572387695,25.52938461303711,11.359214782714844,27.06623077392578,10.596513748168945,20.39194107055664
4.904747009277344,7.204771041870117,10.304689407348633,18.31340789794922,25.231599807739258,11.433601379394531,27.108430862426758,10.391950607299805,18.27073097229004
