resnet18,resnet34,resnet50,resnet101,resnet152,resnext50_32x4d,resnext101_32x8d,wide_resnet50_2,wide_resnet101_2
39.867401123046875,69.80776786804199,101.3936996459961,171.38671875,244.02523040771484,128.13138961791992,359.4944477081299,205.96599578857422,381.1955451965332
39.92867469787598,69.82660293579102,101.54080390930176,171.5230941772461,243.65806579589844,125.88381767272949,360.1422309875488,206.19916915893555,381.7622661590576
39.8252010345459,69.76819038391113,101.58419609069824,171.2779998779297,243.99423599243164,124.88126754760742,359.0412139892578,205.36327362060547,382.03930854797363
39.838314056396484,69.84138488769531,101.50933265686035,170.14265060424805,243.71027946472168,124.8173713684082,358.34646224975586,205.54709434509277,379.87303733825684
39.91293907165527,69.70429420471191,101.97257995605469,171.42581939697266,245.32294273376465,125.66685676574707,357.64098167419434,205.85894584655762,379.6665668487549
